category,estimated_size,title_length,priority,time_of_day,day_of_week,user_experience_level,complexity,num_pages,num_slides,num_questions,actual_time_minutes
reading,4.0,36,Medium,afternoon,Wednesday,3,High,24,0,0,106
presentation,4.1,45,Urgent,afternoon,Sunday,3,High,0,15,0,385
presentation,2.9,31,Urgent,afternoon,Friday,2,Medium,0,6,0,122
reading,4.0,40,Medium,afternoon,Saturday,2,Low,20,0,0,58
project,2.2,19,Low,afternoon,Friday,4,Low,0,0,0,19
presentation,4.3,18,High,evening,Saturday,2,Medium,0,17,0,246
problem_solving,4.1,38,Low,morning,Friday,1,Medium,0,0,22,94
project,1.6,47,Low,afternoon,Monday,1,High,0,0,0,31
problem_solving,3.9,23,High,morning,Tuesday,1,Medium,0,0,28,234
reading,2.0,37,Medium,evening,Tuesday,4,Low,27,0,0,69
revision,1.4,24,Low,evening,Wednesday,1,Low,0,0,26,78
problem_solving,1.6,30,Urgent,afternoon,Wednesday,4,High,0,0,18,243
presentation,2.9,33,Low,evening,Monday,5,High,0,7,0,109
presentation,3.2,29,High,afternoon,Wednesday,4,Low,0,9,0,113
reading,3.4,42,High,morning,Sunday,2,High,39,0,0,164
problem_solving,3.4,12,Medium,morning,Monday,2,High,0,0,8,92
writing,4.7,26,Low,evening,Sunday,2,Low,1,0,0,26
project,4.4,32,Low,morning,Wednesday,1,High,0,0,0,40
project,1.8,39,Low,afternoon,Saturday,2,Low,0,0,0,19
writing,1.2,33,High,evening,Tuesday,3,High,3,0,0,150
project,4.8,44,Medium,evening,Thursday,5,Medium,0,0,0,24
problem_solving,4.9,10,Medium,evening,Sunday,1,High,0,0,6,87
problem_solving,4.1,24,Low,evening,Tuesday,1,Low,0,0,17,57
problem_solving,1.9,32,Low,morning,Friday,3,Medium,0,0,27,151
presentation,3.8,36,Urgent,afternoon,Tuesday,4,Low,0,19,0,229
revision,1.0,31,Medium,afternoon,Wednesday,2,Medium,0,0,22,150
project,1.1,44,Low,morning,Friday,4,Low,0,0,0,16
presentation,4.2,49,High,morning,Tuesday,3,Medium,0,9,0,147
problem_solving,3.4,33,Urgent,afternoon,Monday,5,Low,0,0,6,49
revision,2.0,19,Medium,morning,Tuesday,5,Low,0,0,14,63
presentation,4.8,13,High,afternoon,Saturday,1,High,0,9,0,184
writing,1.1,32,High,afternoon,Sunday,5,Low,10,0,0,148
presentation,1.9,40,Low,morning,Wednesday,5,High,0,13,0,179
revision,3.0,29,Low,morning,Sunday,1,Low,0,0,13,46
revision,3.4,43,High,afternoon,Sunday,3,Low,0,0,28,141
writing,4.8,19,High,morning,Tuesday,1,Medium,2,0,0,60
project,3.9,22,Urgent,afternoon,Thursday,1,Low,0,0,0,31
problem_solving,1.6,31,Low,evening,Tuesday,1,Medium,0,0,25,148
reading,4.3,13,High,afternoon,Monday,3,Low,44,0,0,118
reading,4.4,50,Medium,evening,Saturday,3,Medium,14,0,0,52
project,2.3,19,High,afternoon,Tuesday,3,High,0,0,0,61
project,3.5,31,High,afternoon,Saturday,5,Low,0,0,0,27
revision,3.7,14,Medium,evening,Wednesday,4,High,0,0,22,225
writing,2.7,41,High,evening,Thursday,2,High,5,0,0,157
problem_solving,2.8,30,Low,afternoon,Monday,1,High,0,0,23,206
revision,4.6,40,Medium,afternoon,Thursday,5,Medium,0,0,27,193
project,4.3,15,Urgent,evening,Thursday,2,Low,0,0,0,34
project,4.2,22,Medium,afternoon,Thursday,4,Low,0,0,0,18
writing,2.7,12,Medium,afternoon,Sunday,3,Medium,9,0,0,197
problem_solving,2.2,41,Medium,evening,Sunday,3,Low,0,0,6,38
reading,2.6,35,Urgent,evening,Saturday,3,Low,39,0,0,97
project,2.1,11,Urgent,evening,Monday,4,Low,0,0,0,29
problem_solving,3.1,50,Low,morning,Monday,1,Low,0,0,19,67
problem_solving,4.2,10,High,morning,Monday,5,High,0,0,22,277
revision,3.9,39,Urgent,afternoon,Wednesday,3,Low,0,0,20,112
presentation,1.6,24,High,morning,Sunday,5,Medium,0,6,0,107
reading,3.0,22,Low,afternoon,Wednesday,2,Low,45,0,0,75
reading,3.2,17,Low,afternoon,Sunday,5,Low,42,0,0,64
presentation,1.1,27,High,evening,Saturday,4,Low,0,20,0,174
writing,1.6,34,Medium,morning,Friday,3,Low,5,0,0,65
problem_solving,4.8,29,High,afternoon,Tuesday,5,Low,0,0,12,86
presentation,2.6,25,High,afternoon,Saturday,5,Low,0,19,0,218
problem_solving,2.2,32,High,evening,Saturday,2,High,0,0,7,133
reading,4.3,48,Urgent,morning,Tuesday,2,Low,48,0,0,102
writing,3.8,29,High,afternoon,Friday,5,Low,2,0,0,50
presentation,2.7,19,Urgent,evening,Thursday,5,Low,0,15,0,203
project,2.5,16,Medium,afternoon,Wednesday,5,Medium,0,0,0,27
presentation,4.0,50,Urgent,morning,Thursday,4,Low,0,14,0,137
writing,2.0,14,High,afternoon,Wednesday,5,High,10,0,0,293
revision,4.8,11,Medium,afternoon,Friday,1,High,0,0,13,120
presentation,3.3,25,Low,evening,Saturday,5,Medium,0,6,0,73
problem_solving,1.9,36,Low,afternoon,Sunday,3,Medium,0,0,11,67
presentation,1.0,26,Low,evening,Saturday,3,Low,0,13,0,91
revision,2.5,47,Urgent,afternoon,Wednesday,4,Low,0,0,29,137
reading,3.0,12,High,morning,Thursday,5,Low,48,0,0,124
problem_solving,2.7,19,Low,afternoon,Sunday,5,Medium,0,0,6,54
writing,2.1,43,Low,evening,Sunday,2,Medium,1,0,0,34
revision,5.0,49,Medium,afternoon,Tuesday,4,Low,0,0,17,96
reading,1.0,23,High,afternoon,Tuesday,1,High,28,0,0,183
reading,3.4,31,High,afternoon,Wednesday,1,High,50,0,0,270
problem_solving,3.4,15,Low,afternoon,Monday,5,Medium,0,0,20,118
problem_solving,3.6,40,Low,morning,Tuesday,4,High,0,0,13,131
problem_solving,1.9,21,High,evening,Wednesday,4,Low,0,0,25,104
problem_solving,2.3,29,High,afternoon,Wednesday,1,Medium,0,0,15,120
writing,1.1,43,Medium,morning,Sunday,2,Low,1,0,0,30
problem_solving,1.1,28,Medium,afternoon,Wednesday,4,Low,0,0,24,103
presentation,1.1,24,Low,afternoon,Saturday,5,High,0,20,0,255
presentation,1.3,15,Urgent,afternoon,Wednesday,2,Medium,0,20,0,267
project,3.4,33,Urgent,evening,Monday,5,Low,0,0,0,30
writing,4.7,42,Medium,evening,Monday,1,Low,2,0,0,34
project,2.4,22,Low,afternoon,Friday,3,High,0,0,0,41
presentation,1.7,44,Urgent,afternoon,Tuesday,3,High,0,10,0,247
writing,1.3,29,Low,afternoon,Tuesday,3,Medium,6,0,0,114
problem_solving,2.6,18,Medium,morning,Saturday,4,Medium,0,0,13,104
writing,4.1,35,Medium,morning,Tuesday,3,High,5,0,0,180
reading,3.6,10,Urgent,morning,Monday,1,Low,5,0,0,34
project,3.2,26,Low,afternoon,Saturday,5,Medium,0,0,0,19
revision,4.6,14,High,morning,Sunday,2,Medium,0,0,29,171
writing,2.8,49,Urgent,evening,Saturday,3,Low,1,0,0,50
problem_solving,1.8,37,High,morning,Saturday,1,Medium,0,0,14,132
presentation,1.2,32,Low,afternoon,Saturday,4,Medium,0,9,0,115
project,2.8,38,Urgent,evening,Sunday,3,Medium,0,0,0,40
revision,3.4,11,High,evening,Wednesday,1,Low,0,0,13,83
presentation,4.7,10,Low,morning,Tuesday,2,Medium,0,14,0,111
revision,4.2,49,High,afternoon,Sunday,3,High,0,0,14,157
revision,2.6,30,Medium,morning,Friday,5,Medium,0,0,28,141
project,2.4,23,Urgent,evening,Sunday,5,High,0,0,0,59
presentation,3.1,30,Urgent,morning,Friday,2,Low,0,17,0,225
revision,1.6,50,Medium,morning,Wednesday,5,High,0,0,29,259
writing,4.2,21,High,morning,Wednesday,5,High,5,0,0,225
reading,3.4,14,Medium,evening,Wednesday,1,Medium,28,0,0,85
writing,3.8,26,Urgent,evening,Tuesday,5,High,4,0,0,207
reading,5.0,28,Medium,morning,Wednesday,5,Medium,20,0,0,82
revision,3.0,39,Low,afternoon,Tuesday,2,Low,0,0,21,84
writing,4.5,18,Low,evening,Tuesday,5,Medium,3,0,0,48
reading,4.0,29,Urgent,evening,Wednesday,5,Medium,38,0,0,171
revision,2.1,13,High,evening,Tuesday,2,Medium,0,0,6,74
problem_solving,4.1,43,High,morning,Thursday,3,High,0,0,25,255
problem_solving,1.5,47,Urgent,morning,Monday,1,Medium,0,0,9,88
presentation,3.4,46,Low,evening,Thursday,2,High,0,7,0,124
presentation,2.3,26,Low,afternoon,Monday,4,High,0,7,0,105
problem_solving,4.6,35,Urgent,evening,Monday,3,Medium,0,0,5,67
reading,4.2,35,High,evening,Wednesday,1,Medium,25,0,0,93
presentation,1.3,26,Low,evening,Thursday,3,High,0,20,0,250
writing,1.8,42,High,evening,Tuesday,4,Low,9,0,0,151
project,4.8,10,Low,afternoon,Saturday,3,High,0,0,0,41
reading,4.3,43,Urgent,afternoon,Wednesday,2,Low,14,0,0,64
problem_solving,3.5,23,High,afternoon,Saturday,3,Medium,0,0,22,162
presentation,2.0,31,Low,afternoon,Sunday,4,Medium,0,16,0,157
revision,3.4,27,Medium,evening,Sunday,3,High,0,0,14,169
problem_solving,2.6,33,Low,evening,Sunday,4,Medium,0,0,30,151
problem_solving,4.8,20,Low,morning,Monday,1,Medium,0,0,28,117
writing,2.0,39,Medium,afternoon,Wednesday,4,Medium,9,0,0,197
writing,2.7,27,Urgent,evening,Thursday,2,Low,4,0,0,75
presentation,1.6,10,High,evening,Wednesday,4,Medium,0,9,0,129
writing,2.8,16,Medium,afternoon,Sunday,2,Low,8,0,0,108
presentation,4.3,13,Low,morning,Thursday,4,Low,0,11,0,93
project,2.7,28,Low,afternoon,Monday,4,Medium,0,0,0,21
reading,1.6,11,Medium,morning,Sunday,2,High,19,0,0,107
presentation,2.4,17,High,afternoon,Tuesday,5,Low,0,9,0,110
reading,3.9,13,Medium,evening,Tuesday,1,High,45,0,0,192
project,4.8,15,Urgent,evening,Sunday,4,Medium,0,0,0,48
presentation,1.5,23,Low,evening,Tuesday,2,High,0,19,0,309
reading,1.1,29,High,morning,Sunday,5,High,5,0,0,80
presentation,1.1,31,Medium,evening,Thursday,1,Low,0,9,0,81
writing,2.7,32,Urgent,evening,Monday,5,High,1,0,0,78
project,4.5,42,Urgent,afternoon,Saturday,3,Low,0,0,0,32
writing,2.2,40,High,morning,Thursday,4,Low,4,0,0,67
reading,2.7,49,Medium,afternoon,Wednesday,2,Medium,46,0,0,110
project,3.0,11,Low,evening,Sunday,5,Medium,0,0,0,20
problem_solving,3.3,15,Low,evening,Sunday,3,Medium,0,0,25,142
reading,1.3,18,Urgent,morning,Thursday,1,High,39,0,0,228
problem_solving,2.5,39,Medium,afternoon,Friday,2,High,0,0,13,143
problem_solving,1.4,35,Medium,morning,Tuesday,4,Medium,0,0,27,164
project,2.6,26,Urgent,afternoon,Monday,5,High,0,0,0,60
presentation,4.8,23,Low,morning,Monday,1,Medium,0,15,0,166
project,1.7,10,Medium,afternoon,Thursday,1,High,0,0,0,53
revision,1.4,16,Low,evening,Sunday,4,Medium,0,0,24,97
presentation,1.5,18,High,afternoon,Tuesday,4,Medium,0,14,0,203
writing,2.4,43,Medium,afternoon,Friday,4,Medium,2,0,0,50
project,2.0,34,High,afternoon,Thursday,1,Medium,0,0,0,28
revision,4.7,41,Urgent,evening,Wednesday,5,Medium,0,0,25,239
writing,2.6,43,Urgent,evening,Monday,3,Low,10,0,0,202
writing,2.6,11,High,afternoon,Thursday,5,Medium,5,0,0,108
presentation,4.1,25,Low,evening,Thursday,1,Low,0,12,0,83
project,1.4,49,High,morning,Saturday,5,Medium,0,0,0,37
presentation,2.3,33,Low,evening,Friday,3,Medium,0,15,0,140
reading,1.7,21,Medium,morning,Monday,3,Medium,13,0,0,63
writing,2.2,15,High,morning,Sunday,5,Low,7,0,0,119
presentation,3.8,18,High,afternoon,Sunday,1,High,0,17,0,421
project,3.6,19,Urgent,morning,Monday,5,Medium,0,0,0,36
writing,2.9,28,Medium,afternoon,Wednesday,3,Medium,10,0,0,159
presentation,2.5,43,Low,afternoon,Wednesday,4,Low,0,15,0,96
revision,2.0,36,Medium,afternoon,Saturday,3,High,0,0,27,280
revision,3.9,50,Low,evening,Saturday,4,High,0,0,25,187
presentation,1.4,37,Medium,morning,Tuesday,2,Low,0,6,0,52
writing,3.5,39,Urgent,afternoon,Sunday,2,High,3,0,0,147
problem_solving,4.6,11,High,morning,Sunday,2,Low,0,0,28,163
presentation,2.6,48,Medium,afternoon,Monday,2,Medium,0,15,0,149
writing,2.4,47,High,morning,Friday,5,Low,5,0,0,79
problem_solving,4.2,29,Medium,afternoon,Sunday,5,Low,0,0,24,114
reading,3.2,44,Low,morning,Friday,2,High,29,0,0,106
reading,3.1,50,High,evening,Wednesday,3,Medium,44,0,0,147
revision,1.9,49,High,afternoon,Friday,5,Low,0,0,17,113
writing,3.8,39,High,afternoon,Monday,5,High,8,0,0,309
writing,3.1,30,High,evening,Tuesday,3,Low,7,0,0,123
project,1.5,11,High,evening,Friday,5,Low,0,0,0,29
revision,2.8,21,Urgent,evening,Tuesday,5,Medium,0,0,9,109
presentation,1.4,33,Urgent,afternoon,Friday,3,High,0,12,0,377
reading,3.1,43,Low,afternoon,Thursday,2,High,39,0,0,128
project,1.1,18,Low,afternoon,Monday,2,High,0,0,0,42
writing,3.0,11,Urgent,evening,Tuesday,4,Medium,4,0,0,103
reading,3.1,12,Low,evening,Friday,1,High,50,0,0,125
presentation,4.8,24,Low,morning,Monday,2,High,0,14,0,175
reading,4.0,29,High,morning,Sunday,3,High,37,0,0,192
presentation,1.9,23,Medium,morning,Saturday,1,Low,0,20,0,160
writing,3.9,47,Medium,afternoon,Saturday,3,Low,4,0,0,54
writing,3.8,46,Medium,morning,Saturday,5,Low,6,0,0,93
project,1.8,35,Medium,morning,Monday,5,Medium,0,0,0,33
project,4.0,41,Medium,morning,Wednesday,2,Medium,0,0,0,29
revision,1.8,37,Medium,evening,Friday,4,Low,0,0,28,105
reading,1.0,15,Low,afternoon,Tuesday,4,Low,14,0,0,31
problem_solving,4.1,50,Medium,morning,Wednesday,3,Medium,0,0,19,135
presentation,2.2,26,High,evening,Sunday,3,Low,0,10,0,113
presentation,4.8,39,Low,morning,Thursday,4,High,0,15,0,207
reading,4.3,16,Urgent,afternoon,Tuesday,4,Low,14,0,0,67
presentation,3.3,11,High,afternoon,Monday,4,High,0,16,0,318
problem_solving,3.5,47,Medium,afternoon,Friday,3,High,0,0,15,129
presentation,1.0,39,Medium,morning,Sunday,2,Low,0,18,0,130
project,1.6,28,High,morning,Tuesday,3,High,0,0,0,55
presentation,3.0,21,High,afternoon,Tuesday,2,Low,0,5,0,60
revision,4.5,32,High,afternoon,Sunday,2,Low,0,0,12,66
presentation,3.4,13,Medium,afternoon,Monday,4,Low,0,18,0,150
problem_solving,4.3,39,Low,morning,Thursday,2,Low,0,0,21,69
project,5.0,20,Medium,afternoon,Thursday,5,High,0,0,0,41
presentation,1.7,47,High,morning,Tuesday,4,Medium,0,10,0,186
project,2.1,16,Urgent,morning,Wednesday,3,Low,0,0,0,33
project,3.0,35,High,afternoon,Sunday,3,Low,0,0,0,26
presentation,3.4,23,Low,afternoon,Saturday,4,High,0,10,0,181
reading,1.9,50,Low,morning,Wednesday,5,Low,34,0,0,59
presentation,4.5,19,Low,afternoon,Friday,5,Medium,0,18,0,159
writing,2.3,14,Medium,evening,Friday,1,High,9,0,0,224
problem_solving,4.3,36,Low,morning,Monday,2,High,0,0,20,129
project,2.2,21,Urgent,afternoon,Tuesday,3,Low,0,0,0,29
project,2.0,22,Medium,evening,Tuesday,5,Medium,0,0,0,26
problem_solving,2.6,20,Low,evening,Wednesday,4,Medium,0,0,7,46
revision,3.4,24,Urgent,afternoon,Monday,5,High,0,0,28,378
writing,2.6,42,Urgent,afternoon,Monday,5,Low,10,0,0,192
problem_solving,4.5,37,Urgent,morning,Friday,2,High,0,0,24,350
writing,4.6,28,Urgent,morning,Wednesday,1,High,4,0,0,161
problem_solving,1.8,32,Urgent,afternoon,Thursday,3,High,0,0,30,386
project,1.0,13,Urgent,evening,Saturday,1,High,0,0,0,56
presentation,1.2,18,Medium,afternoon,Monday,1,Low,0,16,0,139
problem_solving,2.5,38,Medium,afternoon,Thursday,2,Medium,0,0,30,185
problem_solving,2.5,21,Medium,afternoon,Tuesday,3,Medium,0,0,5,48
presentation,2.8,41,Urgent,afternoon,Sunday,4,Medium,0,14,0,201
writing,1.2,18,Medium,afternoon,Monday,5,Medium,8,0,0,136
presentation,2.6,15,Medium,evening,Wednesday,2,Low,0,5,0,54
reading,4.6,12,High,afternoon,Tuesday,1,High,23,0,0,136
presentation,1.4,30,Low,evening,Friday,4,Low,0,10,0,81
problem_solving,2.6,23,Low,morning,Tuesday,4,High,0,0,15,123
writing,1.7,32,High,afternoon,Tuesday,2,Medium,8,0,0,159
project,1.4,15,Medium,evening,Sunday,3,High,0,0,0,43
reading,2.9,16,Urgent,morning,Thursday,2,High,50,0,0,240
presentation,3.7,19,Low,morning,Sunday,2,High,0,12,0,146
revision,3.6,14,Medium,morning,Wednesday,5,High,0,0,15,162
writing,4.6,32,Medium,morning,Sunday,5,Medium,6,0,0,107
writing,1.7,20,High,afternoon,Thursday,5,High,1,0,0,95
problem_solving,3.8,34,Medium,morning,Thursday,4,Medium,0,0,23,122
writing,2.1,33,Urgent,afternoon,Tuesday,2,High,4,0,0,198
problem_solving,2.6,11,Urgent,afternoon,Tuesday,3,Medium,0,0,26,221
project,2.9,43,Urgent,afternoon,Thursday,2,High,0,0,0,51
revision,4.5,48,Urgent,afternoon,Tuesday,4,High,0,0,18,248
writing,4.4,37,Urgent,evening,Thursday,4,High,5,0,0,211
reading,2.1,46,Medium,morning,Wednesday,1,Low,30,0,0,64
project,1.1,40,Medium,evening,Friday,1,High,0,0,0,45
writing,2.3,17,Medium,morning,Wednesday,2,Low,6,0,0,99
writing,3.2,28,Urgent,afternoon,Sunday,3,Low,2,0,0,61
presentation,3.7,26,Medium,morning,Tuesday,3,Medium,0,5,0,95
revision,4.4,18,Low,afternoon,Monday,1,High,0,0,6,78
project,2.6,35,Urgent,evening,Friday,3,Low,0,0,0,33
writing,2.2,13,Medium,afternoon,Monday,4,Medium,7,0,0,133
reading,3.6,33,Medium,afternoon,Friday,3,High,43,0,0,155
project,1.2,38,Urgent,afternoon,Monday,1,Low,0,0,0,31
reading,1.0,44,High,morning,Wednesday,1,High,22,0,0,131
presentation,3.3,34,High,morning,Wednesday,2,Low,0,13,0,113
project,1.7,47,Urgent,evening,Sunday,2,Low,0,0,0,33
writing,1.4,49,Low,afternoon,Tuesday,1,High,8,0,0,179
revision,2.3,21,Low,morning,Wednesday,3,High,0,0,12,103
reading,1.8,48,High,morning,Sunday,2,High,23,0,0,125
writing,3.6,47,Medium,afternoon,Saturday,1,Low,2,0,0,38
project,1.5,21,Low,evening,Sunday,4,Low,0,0,0,20
revision,4.0,49,High,afternoon,Friday,2,High,0,0,13,149
revision,3.8,12,Low,afternoon,Saturday,4,Low,0,0,5,25
revision,1.3,18,Medium,morning,Sunday,4,Low,0,0,6,42
presentation,3.0,41,Urgent,evening,Tuesday,2,Medium,0,20,0,291
revision,4.8,11,High,afternoon,Wednesday,2,Low,0,0,16,103
project,4.7,48,Medium,evening,Wednesday,4,High,0,0,0,49
project,1.8,37,High,morning,Thursday,1,Medium,0,0,0,41
revision,1.1,40,Low,afternoon,Friday,1,Low,0,0,27,75
reading,3.8,14,Low,evening,Monday,3,Low,20,0,0,45
writing,1.3,30,Urgent,morning,Saturday,4,Medium,4,0,0,103
problem_solving,4.9,36,Low,afternoon,Friday,2,Medium,0,0,12,65
reading,2.5,49,Medium,afternoon,Tuesday,4,Medium,8,0,0,41
revision,3.8,18,Low,afternoon,Tuesday,5,High,0,0,30,231
reading,2.0,11,Medium,morning,Saturday,3,Medium,23,0,0,76
writing,3.6,25,Low,morning,Monday,3,Medium,2,0,0,40
reading,2.4,12,Low,morning,Saturday,5,Low,11,0,0,28
presentation,1.0,23,High,evening,Thursday,4,High,0,5,0,136
reading,4.2,27,Medium,evening,Saturday,4,High,22,0,0,110
writing,1.1,41,High,afternoon,Friday,5,Medium,8,0,0,150
writing,1.6,13,Low,morning,Tuesday,3,Medium,1,0,0,29
problem_solving,1.3,36,High,evening,Thursday,2,Low,0,0,26,148
project,1.8,28,Low,afternoon,Sunday,2,Low,0,0,0,15
presentation,4.7,44,High,morning,Thursday,1,Low,0,20,0,214
reading,4.1,49,Low,evening,Sunday,1,High,46,0,0,164
project,2.1,13,Urgent,morning,Friday,3,Medium,0,0,0,36
presentation,3.0,10,Low,morning,Thursday,1,Low,0,18,0,119
project,4.2,14,High,evening,Saturday,5,Low,0,0,0,29
presentation,1.4,46,High,evening,Friday,2,High,0,12,0,227
writing,2.8,32,Medium,morning,Monday,1,Low,2,0,0,46
reading,2.0,37,High,evening,Friday,1,Low,41,0,0,93
revision,1.6,40,High,morning,Thursday,1,Low,0,0,24,121
project,1.8,36,High,morning,Wednesday,1,Medium,0,0,0,38
writing,1.8,39,Medium,evening,Wednesday,2,High,6,0,0,193
project,3.5,44,High,evening,Thursday,4,Low,0,0,0,25
reading,4.1,18,Medium,morning,Saturday,3,Low,45,0,0,94
problem_solving,1.4,31,Low,afternoon,Thursday,5,Low,0,0,13,60
presentation,3.8,47,Medium,morning,Thursday,1,High,0,20,0,366
problem_solving,1.7,48,Low,evening,Wednesday,3,Medium,0,0,28,155
problem_solving,2.5,12,High,afternoon,Saturday,2,Medium,0,0,6,75
problem_solving,4.3,34,Medium,evening,Saturday,2,Low,0,0,12,66
reading,4.2,15,Medium,evening,Saturday,4,Medium,24,0,0,90
project,3.9,12,High,afternoon,Wednesday,5,Low,0,0,0,27
writing,4.8,27,Medium,afternoon,Saturday,2,High,1,0,0,76
presentation,2.7,10,Urgent,afternoon,Saturday,1,Medium,0,8,0,172
reading,3.9,49,Medium,afternoon,Tuesday,1,Low,18,0,0,37
reading,3.3,38,Medium,afternoon,Saturday,1,Medium,42,0,0,135
presentation,1.8,41,High,afternoon,Friday,1,Medium,0,16,0,186
revision,2.9,44,High,evening,Sunday,1,Low,0,0,10,60
project,3.3,38,Medium,afternoon,Wednesday,2,High,0,0,0,47
problem_solving,1.0,15,Urgent,evening,Thursday,4,Low,0,0,18,98
presentation,2.9,22,Low,evening,Wednesday,1,High,0,9,0,148
problem_solving,2.8,44,Urgent,afternoon,Thursday,1,Medium,0,0,29,214
writing,1.8,36,Urgent,morning,Monday,5,Low,5,0,0,89
revision,1.0,42,Urgent,morning,Sunday,5,Low,0,0,30,146
problem_solving,4.9,34,Low,morning,Monday,5,High,0,0,24,182
reading,3.0,27,Low,evening,Monday,1,Medium,42,0,0,73
writing,2.3,14,Medium,morning,Monday,1,Medium,1,0,0,36
presentation,3.6,13,Urgent,evening,Saturday,5,Medium,0,18,0,240
presentation,2.8,25,Low,morning,Sunday,2,Low,0,10,0,84
problem_solving,3.1,44,Urgent,afternoon,Wednesday,2,Medium,0,0,13,133
reading,2.6,32,Medium,morning,Friday,4,Low,26,0,0,53
reading,3.7,31,High,morning,Monday,1,Low,31,0,0,85
writing,4.7,29,High,afternoon,Monday,2,High,1,0,0,79
reading,2.5,39,Medium,afternoon,Sunday,2,Medium,43,0,0,104
revision,2.9,13,Medium,morning,Monday,4,Medium,0,0,28,156
writing,3.8,50,High,afternoon,Tuesday,5,Medium,2,0,0,59
writing,4.9,42,Urgent,morning,Thursday,4,Medium,4,0,0,107
presentation,4.5,37,Medium,morning,Thursday,2,Low,0,7,0,70
project,2.8,17,Medium,afternoon,Wednesday,4,Low,0,0,0,23
writing,3.1,42,High,morning,Friday,2,Low,5,0,0,83
problem_solving,1.8,35,Low,evening,Wednesday,5,High,0,0,26,163
writing,2.1,41,High,afternoon,Saturday,4,High,4,0,0,134
presentation,4.0,44,High,morning,Sunday,2,Medium,0,14,0,171
problem_solving,3.3,26,Urgent,morning,Friday,3,Medium,0,0,29,239
project,4.4,19,Low,morning,Thursday,2,High,0,0,0,29
revision,3.9,17,Medium,morning,Monday,3,High,0,0,5,83
problem_solving,3.3,46,High,afternoon,Friday,2,Low,0,0,29,161
reading,3.8,19,Medium,morning,Monday,3,Medium,42,0,0,98
problem_solving,2.3,14,Low,afternoon,Saturday,5,High,0,0,11,108
project,1.5,45,Urgent,morning,Monday,5,Medium,0,0,0,36
presentation,2.1,50,Low,morning,Sunday,1,Medium,0,14,0,160
reading,1.0,16,Medium,morning,Sunday,4,Medium,12,0,0,49
presentation,2.7,45,Medium,afternoon,Monday,3,Medium,0,19,0,233
writing,1.9,16,Low,evening,Sunday,3,Medium,9,0,0,148
writing,2.1,43,Medium,afternoon,Friday,2,Low,5,0,0,71
reading,4.5,11,Urgent,evening,Friday,3,Low,9,0,0,50
revision,3.0,40,Urgent,afternoon,Saturday,3,Medium,0,0,6,88
revision,1.7,42,High,evening,Wednesday,2,Medium,0,0,8,77
reading,4.2,46,High,morning,Tuesday,3,Low,19,0,0,48
writing,4.2,10,Low,evening,Sunday,1,High,8,0,0,183
problem_solving,4.1,22,Medium,afternoon,Sunday,3,Medium,0,0,14,91
presentation,4.2,49,Urgent,morning,Monday,4,Medium,0,7,0,134
project,3.5,10,High,evening,Friday,2,High,0,0,0,54
revision,2.6,26,High,morning,Saturday,3,Low,0,0,18,87
problem_solving,2.2,12,Urgent,evening,Friday,4,High,0,0,15,209
presentation,1.3,45,Low,evening,Friday,5,High,0,9,0,120
problem_solving,3.6,34,Urgent,evening,Wednesday,3,Medium,0,0,14,134
revision,1.6,45,Medium,evening,Sunday,2,Low,0,0,16,78
presentation,1.8,49,Low,evening,Thursday,1,Low,0,15,0,106
writing,4.3,43,Urgent,afternoon,Sunday,3,Medium,10,0,0,256
reading,2.2,41,Low,afternoon,Saturday,4,Low,28,0,0,39
writing,3.6,21,Low,afternoon,Monday,5,High,3,0,0,86
revision,3.3,18,High,afternoon,Wednesday,4,Low,0,0,12,83
project,2.0,14,Medium,evening,Friday,3,Low,0,0,0,17
presentation,4.6,10,High,evening,Friday,5,Medium,0,5,0,106
project,2.3,17,High,evening,Saturday,2,Medium,0,0,0,36
writing,4.3,44,Medium,morning,Saturday,2,Low,7,0,0,95
presentation,1.1,31,Urgent,afternoon,Friday,4,High,0,16,0,394
presentation,2.5,16,Medium,morning,Sunday,1,Low,0,5,0,49
writing,3.1,22,Urgent,morning,Sunday,1,Medium,3,0,0,106
presentation,3.4,16,Low,morning,Thursday,1,High,0,14,0,203
problem_solving,1.5,18,High,afternoon,Tuesday,1,High,0,0,26,247
writing,3.5,38,Medium,morning,Sunday,3,Medium,1,0,0,36
presentation,4.7,18,Medium,morning,Friday,1,High,0,8,0,147
revision,2.1,44,High,afternoon,Friday,1,High,0,0,18,216
reading,3.1,22,Urgent,evening,Tuesday,4,Low,18,0,0,71
problem_solving,3.9,25,High,morning,Friday,4,Low,0,0,23,105
problem_solving,4.6,46,Low,afternoon,Wednesday,3,Low,0,0,30,99
problem_solving,2.7,10,High,morning,Wednesday,4,Low,0,0,12,61
problem_solving,2.8,11,High,evening,Tuesday,3,High,0,0,20,216
project,4.1,48,High,morning,Monday,5,Medium,0,0,0,41
writing,3.3,18,High,morning,Sunday,1,High,5,0,0,203
reading,3.4,34,Urgent,afternoon,Wednesday,4,High,13,0,0,122
revision,2.5,29,Medium,afternoon,Sunday,4,High,0,0,24,183
project,3.4,43,High,evening,Wednesday,4,High,0,0,0,44
revision,3.0,31,Medium,afternoon,Wednesday,5,High,0,0,12,149
writing,3.4,22,High,evening,Tuesday,1,High,3,0,0,120
reading,3.2,36,Low,afternoon,Saturday,1,High,33,0,0,114
presentation,2.6,20,High,afternoon,Friday,5,Medium,0,9,0,140
reading,2.2,43,Urgent,morning,Saturday,3,High,43,0,0,238
presentation,2.8,41,Low,afternoon,Sunday,1,Medium,0,5,0,73
writing,2.8,23,Urgent,afternoon,Wednesday,3,Medium,1,0,0,52
writing,4.8,41,High,evening,Wednesday,1,Low,10,0,0,130
presentation,3.6,10,Urgent,morning,Tuesday,4,High,0,8,0,269
problem_solving,3.2,18,Medium,afternoon,Monday,2,Low,0,0,17,74
reading,1.4,12,Low,morning,Thursday,3,High,48,0,0,123
revision,2.6,31,Urgent,morning,Wednesday,3,High,0,0,30,387
problem_solving,3.4,31,Urgent,morning,Sunday,5,Low,0,0,19,104
reading,4.2,20,Medium,morning,Tuesday,5,Low,30,0,0,63
presentation,3.5,19,High,evening,Tuesday,2,High,0,17,0,352
revision,2.5,24,Medium,evening,Wednesday,2,High,0,0,10,119
revision,1.3,22,High,morning,Friday,3,High,0,0,18,222
writing,1.5,33,High,evening,Sunday,4,Medium,7,0,0,143
problem_solving,2.3,34,Medium,morning,Saturday,1,Low,0,0,10,54
reading,4.0,43,High,morning,Monday,4,Low,30,0,0,66
presentation,4.1,15,High,morning,Sunday,4,Medium,0,5,0,113
presentation,3.5,20,High,morning,Saturday,4,Medium,0,5,0,87
problem_solving,1.9,41,Urgent,afternoon,Sunday,4,Low,0,0,25,121
problem_solving,3.5,15,Medium,afternoon,Saturday,1,Low,0,0,26,108
problem_solving,4.9,43,Medium,afternoon,Sunday,5,Medium,0,0,20,109
reading,1.7,38,Low,morning,Thursday,2,Medium,37,0,0,74
writing,4.1,15,Medium,afternoon,Thursday,5,Medium,1,0,0,51
writing,1.7,10,High,afternoon,Tuesday,1,High,4,0,0,131
revision,3.6,50,Low,evening,Monday,3,Medium,0,0,9,57
project,2.0,26,Medium,morning,Wednesday,5,High,0,0,0,42
revision,1.2,13,Medium,evening,Wednesday,4,Medium,0,0,20,127
problem_solving,1.2,50,Low,morning,Saturday,3,High,0,0,18,130
presentation,4.8,15,Low,morning,Sunday,1,Medium,0,13,0,119
revision,4.7,50,Urgent,morning,Saturday,4,Medium,0,0,28,227
reading,1.7,13,Medium,morning,Sunday,4,Low,9,0,0,36
project,2.5,12,Medium,evening,Saturday,4,High,0,0,0,47
reading,2.7,49,High,morning,Sunday,5,Medium,12,0,0,68
revision,3.7,44,Urgent,afternoon,Tuesday,4,Medium,0,0,8,79
problem_solving,2.7,23,Low,evening,Wednesday,5,High,0,0,10,103
project,3.5,44,High,afternoon,Wednesday,2,Medium,0,0,0,35
presentation,3.3,40,Medium,morning,Thursday,2,Low,0,8,0,80
revision,4.9,25,Urgent,morning,Monday,2,Low,0,0,21,122
project,2.7,27,Medium,morning,Wednesday,2,High,0,0,0,38
writing,4.5,33,Urgent,morning,Sunday,5,Low,3,0,0,79
writing,2.8,37,Medium,afternoon,Tuesday,4,Low,10,0,0,121
project,2.4,45,Urgent,morning,Thursday,1,Medium,0,0,0,40
revision,4.6,23,Medium,morning,Thursday,5,Medium,0,0,30,163
project,4.3,12,Urgent,afternoon,Friday,1,High,0,0,0,54
writing,1.8,25,High,evening,Thursday,1,Medium,8,0,0,160
reading,3.3,39,Low,evening,Wednesday,3,Low,17,0,0,41
presentation,2.1,19,High,evening,Tuesday,3,Medium,0,12,0,194
problem_solving,2.9,25,Medium,morning,Sunday,4,High,0,0,12,148
writing,4.3,27,High,afternoon,Saturday,5,Medium,10,0,0,255
project,4.2,31,Urgent,afternoon,Tuesday,4,Medium,0,0,0,49
revision,1.6,40,Medium,morning,Saturday,3,Low,0,0,17,96
problem_solving,2.3,28,Low,morning,Monday,1,High,0,0,24,204
presentation,1.8,34,Low,evening,Tuesday,5,High,0,9,0,171
presentation,2.6,41,Medium,morning,Monday,3,Medium,0,13,0,163
presentation,1.5,26,High,afternoon,Monday,4,Low,0,11,0,107
revision,2.2,12,Medium,afternoon,Friday,1,Low,0,0,11,58
problem_solving,3.0,17,Low,evening,Friday,2,High,0,0,7,67
revision,3.7,20,Urgent,morning,Sunday,4,Medium,0,0,5,63
problem_solving,4.1,42,High,evening,Friday,3,Medium,0,0,12,91
reading,1.5,32,High,evening,Thursday,5,Low,42,0,0,114
reading,3.1,18,Medium,morning,Friday,1,High,47,0,0,204
revision,3.5,12,High,afternoon,Tuesday,1,High,0,0,14,209
reading,3.0,46,High,evening,Tuesday,2,Low,6,0,0,39
presentation,3.5,20,Urgent,morning,Monday,5,Low,0,12,0,126
reading,1.2,49,Medium,afternoon,Sunday,2,Low,24,0,0,48
project,2.7,12,Medium,evening,Tuesday,3,Medium,0,0,0,32
presentation,1.5,38,Medium,morning,Monday,3,High,0,11,0,188
problem_solving,1.8,13,Low,afternoon,Wednesday,1,Medium,0,0,29,116
project,2.2,11,Urgent,morning,Saturday,4,Medium,0,0,0,49
problem_solving,4.8,10,Urgent,morning,Wednesday,1,Low,0,0,17,99
presentation,4.3,42,Low,afternoon,Tuesday,3,Medium,0,6,0,77
revision,1.3,30,Medium,afternoon,Sunday,1,Low,0,0,29,104
writing,2.5,41,Urgent,morning,Monday,4,Low,2,0,0,70
presentation,1.4,19,Medium,afternoon,Thursday,1,Medium,0,20,0,232
writing,1.3,48,Medium,morning,Saturday,3,Medium,4,0,0,82
presentation,1.7,18,Medium,evening,Tuesday,1,Medium,0,13,0,190
project,3.1,13,Medium,evening,Wednesday,5,High,0,0,0,44
presentation,3.1,22,High,afternoon,Saturday,1,Medium,0,14,0,230
presentation,3.3,18,Low,morning,Saturday,2,High,0,5,0,111
presentation,1.9,12,Low,evening,Sunday,2,High,0,18,0,244
reading,3.9,33,Medium,morning,Monday,3,High,49,0,0,160
project,2.1,24,High,afternoon,Sunday,3,Low,0,0,0,28
reading,4.1,19,Urgent,afternoon,Wednesday,2,High,36,0,0,205
revision,3.2,48,Medium,afternoon,Wednesday,3,Medium,0,0,28,147
revision,3.8,24,Medium,evening,Thursday,4,High,0,0,18,171
problem_solving,2.8,15,Urgent,afternoon,Sunday,1,High,0,0,23,288
reading,1.7,41,Low,evening,Sunday,1,Low,25,0,0,47
revision,4.8,49,Urgent,evening,Tuesday,3,High,0,0,27,353
presentation,4.7,48,Low,morning,Sunday,2,Medium,0,11,0,97
problem_solving,1.4,36,High,evening,Monday,3,Medium,0,0,6,71
writing,3.2,20,Medium,morning,Wednesday,3,Low,5,0,0,60
presentation,3.4,30,Low,morning,Monday,2,High,0,11,0,180
revision,1.2,46,Urgent,morning,Saturday,4,Low,0,0,11,68
problem_solving,4.4,18,Low,evening,Sunday,3,Low,0,0,7,37
writing,4.1,43,Urgent,afternoon,Saturday,2,Low,5,0,0,102
problem_solving,3.5,36,High,morning,Tuesday,3,Medium,0,0,26,195
reading,4.5,32,Low,morning,Wednesday,2,Medium,23,0,0,51
problem_solving,1.1,18,Urgent,morning,Sunday,3,Low,0,0,13,76
project,4.6,11,Medium,evening,Tuesday,3,Medium,0,0,0,28
revision,4.1,33,Medium,morning,Wednesday,4,Medium,0,0,11,100
reading,4.4,10,Low,afternoon,Saturday,3,Medium,7,0,0,37
project,1.3,23,Urgent,evening,Monday,2,Low,0,0,0,28
presentation,3.0,36,Low,morning,Monday,2,Medium,0,6,0,63
writing,3.0,36,High,morning,Tuesday,3,Low,6,0,0,116
presentation,1.9,39,Low,evening,Sunday,2,High,0,6,0,96
reading,3.3,46,Low,evening,Wednesday,1,High,27,0,0,117
writing,2.3,11,Low,morning,Monday,4,High,7,0,0,187
presentation,2.9,24,Urgent,morning,Saturday,1,High,0,19,0,462
problem_solving,4.9,50,Low,morning,Thursday,3,Medium,0,0,15,69
problem_solving,1.9,45,Urgent,evening,Monday,3,High,0,0,15,191
problem_solving,3.9,18,High,afternoon,Friday,2,Low,0,0,13,95
presentation,3.2,13,High,afternoon,Monday,3,Medium,0,10,0,169
presentation,4.1,27,Medium,morning,Tuesday,4,High,0,16,0,300
reading,2.0,37,Low,afternoon,Saturday,1,Low,41,0,0,59
writing,2.3,27,High,evening,Friday,5,Medium,7,0,0,158
revision,1.2,22,Urgent,afternoon,Friday,5,Medium,0,0,18,161
presentation,2.1,46,High,afternoon,Thursday,1,Medium,0,9,0,153
problem_solving,3.7,13,High,evening,Friday,4,Low,0,0,23,131
writing,2.6,23,Low,afternoon,Saturday,4,Low,3,0,0,45
writing,2.1,35,High,afternoon,Tuesday,2,Medium,4,0,0,118
project,1.5,47,Urgent,evening,Sunday,4,High,0,0,0,53
problem_solving,3.6,12,High,evening,Wednesday,2,High,0,0,29,308
project,1.5,45,High,afternoon,Thursday,1,Low,0,0,0,24
presentation,2.7,11,Medium,evening,Friday,2,Low,0,20,0,161
project,4.3,14,Low,morning,Monday,1,High,0,0,0,28
reading,3.6,13,Urgent,evening,Saturday,4,Low,46,0,0,116
project,2.8,28,Medium,morning,Monday,2,Medium,0,0,0,28
presentation,4.2,31,Medium,evening,Thursday,4,High,0,17,0,343
project,2.3,37,Urgent,evening,Saturday,4,High,0,0,0,65
reading,2.6,31,High,evening,Monday,2,Medium,34,0,0,135
revision,2.6,41,High,afternoon,Monday,4,Low,0,0,24,104
problem_solving,3.6,10,Low,afternoon,Thursday,5,High,0,0,10,85
writing,2.0,35,High,evening,Wednesday,3,Medium,3,0,0,73
presentation,4.7,36,Low,afternoon,Wednesday,4,Low,0,7,0,44
revision,4.6,48,Urgent,morning,Sunday,4,Medium,0,0,25,222
problem_solving,4.6,27,High,evening,Thursday,2,Medium,0,0,15,143
reading,2.9,37,High,evening,Wednesday,1,Medium,32,0,0,122
problem_solving,2.8,49,Low,morning,Friday,1,Low,0,0,11,52
presentation,4.9,23,High,afternoon,Tuesday,1,Medium,0,5,0,102
project,4.3,13,Medium,evening,Saturday,3,Low,0,0,0,20
writing,3.9,22,Medium,evening,Saturday,4,High,6,0,0,157
project,4.9,50,Medium,afternoon,Saturday,4,High,0,0,0,45
writing,4.8,37,Low,evening,Friday,5,Medium,4,0,0,77
writing,1.3,44,Urgent,evening,Sunday,3,Medium,1,0,0,63
reading,3.7,10,Medium,evening,Thursday,4,Low,22,0,0,50
presentation,1.1,32,High,morning,Thursday,2,Low,0,7,0,97
problem_solving,3.7,11,Low,morning,Sunday,3,Low,0,0,7,43
problem_solving,4.7,41,Low,evening,Friday,3,High,0,0,6,80
writing,4.8,36,High,afternoon,Monday,2,Medium,10,0,0,217
problem_solving,3.8,34,High,afternoon,Sunday,2,High,0,0,9,131
presentation,2.9,25,High,afternoon,Thursday,1,Low,0,20,0,157
revision,1.3,19,Urgent,morning,Tuesday,2,Medium,0,0,9,124
reading,5.0,19,High,morning,Friday,5,Low,41,0,0,90
reading,1.8,12,High,evening,Saturday,3,Medium,6,0,0,57
project,1.2,20,Low,evening,Tuesday,1,High,0,0,0,39
presentation,1.3,44,Urgent,afternoon,Friday,4,Medium,0,6,0,121
writing,2.2,32,Medium,morning,Tuesday,3,Low,7,0,0,86
problem_solving,4.5,27,Medium,afternoon,Thursday,4,Medium,0,0,17,117
presentation,3.7,40,Low,evening,Sunday,3,Low,0,16,0,101
presentation,3.0,12,Medium,morning,Sunday,3,Low,0,16,0,134
reading,3.0,32,High,evening,Tuesday,5,Medium,43,0,0,118
reading,2.2,27,High,morning,Saturday,3,Low,33,0,0,95
presentation,4.7,15,Medium,evening,Tuesday,4,Low,0,10,0,95
presentation,1.3,20,High,morning,Friday,5,Medium,0,17,0,282
project,2.0,27,Urgent,afternoon,Monday,3,High,0,0,0,60
presentation,1.4,48,Low,evening,Friday,1,Low,0,11,0,73
reading,2.8,43,Urgent,morning,Sunday,1,Medium,43,0,0,142
writing,2.5,19,Medium,afternoon,Monday,1,Medium,8,0,0,150
presentation,2.4,39,Medium,evening,Saturday,5,Medium,0,14,0,175
reading,2.6,36,High,evening,Thursday,5,Medium,19,0,0,97
problem_solving,3.5,27,Urgent,afternoon,Sunday,1,Medium,0,0,25,174
project,5.0,39,Urgent,morning,Tuesday,3,Low,0,0,0,35
reading,2.0,19,Medium,afternoon,Monday,3,Low,43,0,0,93
problem_solving,4.2,16,High,morning,Saturday,1,Low,0,0,15,87
project,4.4,28,Low,morning,Sunday,2,High,0,0,0,35
presentation,3.7,14,High,afternoon,Wednesday,5,Medium,0,8,0,152
project,1.1,35,Medium,morning,Friday,5,Low,0,0,0,17
writing,4.1,29,Urgent,morning,Thursday,1,Medium,8,0,0,232
writing,2.7,24,High,afternoon,Thursday,5,Low,10,0,0,122
writing,3.1,15,Medium,evening,Friday,2,High,4,0,0,134
presentation,4.4,19,Urgent,afternoon,Monday,2,High,0,7,0,211
presentation,1.6,25,Medium,afternoon,Tuesday,5,High,0,5,0,107
revision,4.6,28,High,afternoon,Monday,2,High,0,0,11,149
problem_solving,3.1,35,Medium,afternoon,Sunday,1,High,0,0,21,174
revision,3.4,17,Low,morning,Monday,4,Medium,0,0,18,82
revision,3.4,26,High,evening,Monday,2,Low,0,0,14,69
reading,4.7,28,Medium,afternoon,Saturday,4,Low,6,0,0,24
revision,3.9,18,Urgent,afternoon,Tuesday,3,Medium,0,0,21,222
reading,4.2,40,Urgent,evening,Monday,1,Medium,44,0,0,136
problem_solving,4.1,34,Urgent,morning,Wednesday,5,Medium,0,0,29,210
project,1.1,41,Medium,morning,Saturday,1,Low,0,0,0,21
revision,3.2,26,High,evening,Thursday,3,Low,0,0,11,72
problem_solving,3.7,22,Low,afternoon,Wednesday,4,Low,0,0,10,51
presentation,2.4,36,High,afternoon,Monday,1,Medium,0,15,0,184
problem_solving,2.4,35,Medium,morning,Sunday,3,Medium,0,0,27,192
presentation,4.8,22,Medium,afternoon,Tuesday,3,High,0,7,0,121
reading,3.4,42,Urgent,evening,Sunday,2,Low,10,0,0,50
problem_solving,3.0,43,Urgent,afternoon,Sunday,1,Medium,0,0,7,86
writing,5.0,24,Medium,afternoon,Wednesday,5,Medium,6,0,0,108
problem_solving,3.0,16,High,afternoon,Thursday,1,Low,0,0,5,47
problem_solving,3.3,29,High,afternoon,Saturday,2,Medium,0,0,10,108
presentation,4.0,49,High,evening,Monday,1,Low,0,18,0,155
writing,1.1,35,Low,afternoon,Tuesday,1,Low,5,0,0,63
writing,4.3,27,Low,afternoon,Sunday,1,High,8,0,0,209
problem_solving,1.7,35,Low,evening,Thursday,3,High,0,0,8,96
revision,1.9,18,Low,afternoon,Monday,1,High,0,0,19,152
reading,3.6,13,High,afternoon,Friday,5,High,49,0,0,206
writing,2.0,18,Medium,evening,Sunday,1,High,5,0,0,148
presentation,3.6,26,Urgent,evening,Sunday,5,Low,0,17,0,184
writing,4.4,31,High,morning,Friday,3,Low,1,0,0,31
project,3.2,12,Low,morning,Thursday,2,High,0,0,0,38
revision,3.0,16,Urgent,morning,Monday,3,High,0,0,5,129
problem_solving,4.1,10,High,morning,Sunday,2,High,0,0,17,216
writing,1.3,43,High,morning,Sunday,3,Low,8,0,0,137
project,4.1,17,High,afternoon,Sunday,1,Medium,0,0,0,31
reading,3.3,21,Medium,evening,Sunday,5,Medium,21,0,0,84
revision,4.8,47,High,afternoon,Thursday,4,High,0,0,13,200
presentation,3.1,20,Urgent,evening,Tuesday,4,Medium,0,5,0,93
writing,2.2,33,High,afternoon,Tuesday,5,Low,6,0,0,115
problem_solving,3.6,31,High,morning,Thursday,4,Medium,0,0,6,64
reading,2.3,44,Low,evening,Saturday,5,Low,27,0,0,56
revision,1.3,44,Low,morning,Wednesday,2,High,0,0,16,147
writing,2.2,29,Medium,afternoon,Friday,3,Medium,3,0,0,66
project,3.8,49,Medium,morning,Tuesday,5,Medium,0,0,0,30
revision,3.9,36,Urgent,evening,Friday,4,Low,0,0,9,74
presentation,4.3,43,Medium,afternoon,Monday,5,High,0,9,0,166
problem_solving,2.8,22,Urgent,morning,Saturday,1,Medium,0,0,23,236
project,1.4,36,High,afternoon,Sunday,3,Low,0,0,0,24
revision,4.8,11,High,evening,Monday,5,Medium,0,0,29,244
writing,4.0,36,High,morning,Monday,2,Medium,9,0,0,233
project,2.5,46,Urgent,morning,Thursday,5,High,0,0,0,56
problem_solving,3.2,41,Urgent,afternoon,Sunday,3,Low,0,0,14,117
problem_solving,2.1,17,High,morning,Wednesday,3,High,0,0,18,250
project,4.6,28,High,afternoon,Tuesday,2,Low,0,0,0,26
revision,3.9,26,Low,morning,Saturday,4,High,0,0,18,172
problem_solving,1.6,44,Medium,morning,Friday,3,High,0,0,15,165
presentation,2.9,17,High,evening,Saturday,5,Low,0,11,0,108
writing,1.8,39,Urgent,evening,Thursday,3,Low,3,0,0,78
presentation,4.1,42,High,evening,Monday,2,Low,0,9,0,105
revision,3.6,21,Urgent,afternoon,Thursday,4,High,0,0,19,303
revision,1.3,13,Low,evening,Sunday,3,High,0,0,29,239
project,2.2,40,Low,evening,Saturday,1,Low,0,0,0,18
writing,4.3,14,Low,afternoon,Friday,1,Low,2,0,0,29
writing,4.8,30,Low,evening,Sunday,5,High,4,0,0,125
writing,2.0,21,High,afternoon,Wednesday,5,High,2,0,0,113
revision,3.2,26,Low,morning,Friday,5,Medium,0,0,7,60
revision,1.2,36,Medium,morning,Thursday,5,Medium,0,0,28,190
writing,4.8,45,Urgent,afternoon,Tuesday,2,Medium,10,0,0,282
project,1.3,17,Urgent,morning,Friday,1,Medium,0,0,0,38
project,4.0,23,High,evening,Wednesday,5,High,0,0,0,44
reading,2.8,28,Urgent,evening,Wednesday,4,High,7,0,0,109
reading,2.9,16,High,afternoon,Wednesday,1,Low,6,0,0,36
project,2.1,24,Medium,afternoon,Saturday,4,Low,0,0,0,19
reading,1.1,25,High,afternoon,Saturday,1,High,32,0,0,195
presentation,1.5,35,Urgent,morning,Thursday,3,Medium,0,19,0,288
writing,1.2,14,Urgent,evening,Friday,3,High,10,0,0,438
writing,3.8,46,Medium,morning,Wednesday,2,High,10,0,0,275
problem_solving,2.8,45,Low,morning,Monday,4,High,0,0,9,98
presentation,5.0,41,Low,afternoon,Friday,5,Low,0,17,0,127
revision,3.1,33,Medium,evening,Saturday,1,Low,0,0,8,58
project,3.3,18,Urgent,evening,Saturday,1,High,0,0,0,56
presentation,4.6,41,Medium,afternoon,Friday,5,Medium,0,14,0,165
project,4.3,50,Medium,afternoon,Wednesday,2,Medium,0,0,0,27
presentation,1.5,21,Urgent,afternoon,Thursday,4,Medium,0,5,0,103
presentation,2.0,23,Low,afternoon,Friday,1,High,0,16,0,199
problem_solving,2.9,45,Urgent,afternoon,Thursday,1,High,0,0,23,250
problem_solving,2.3,47,Low,afternoon,Friday,1,Medium,0,0,8,48
project,3.5,40,Medium,morning,Thursday,1,Low,0,0,0,21
revision,2.5,46,Low,morning,Tuesday,5,Low,0,0,9,46
presentation,4.6,40,Low,morning,Tuesday,4,Low,0,20,0,103
revision,4.9,37,Urgent,evening,Monday,3,Medium,0,0,23,209
reading,3.7,41,Urgent,morning,Tuesday,4,Medium,25,0,0,107
problem_solving,3.7,26,Urgent,morning,Tuesday,5,High,0,0,19,271
problem_solving,1.0,38,Urgent,morning,Thursday,4,Low,0,0,8,73
writing,4.5,21,Urgent,evening,Monday,5,Medium,6,0,0,168
reading,2.8,42,Urgent,afternoon,Monday,5,Low,29,0,0,84
reading,2.9,39,Urgent,morning,Friday,4,High,11,0,0,113
problem_solving,1.1,11,Medium,evening,Thursday,5,Low,0,0,19,72
reading,1.6,46,Low,morning,Tuesday,3,Low,28,0,0,51
project,2.2,35,Urgent,morning,Sunday,1,Low,0,0,0,34
project,1.6,49,Urgent,afternoon,Sunday,2,High,0,0,0,71
reading,4.0,19,High,afternoon,Sunday,3,Low,37,0,0,86
problem_solving,3.0,23,Low,evening,Thursday,5,High,0,0,21,154
project,4.6,16,Medium,evening,Friday,4,Medium,0,0,0,28
project,4.8,33,Urgent,afternoon,Tuesday,3,High,0,0,0,66
presentation,4.5,25,Medium,afternoon,Sunday,2,High,0,8,0,181
writing,4.4,20,Urgent,afternoon,Wednesday,3,Low,5,0,0,100
presentation,2.2,35,Urgent,evening,Tuesday,2,Medium,0,17,0,263
problem_solving,2.5,48,Urgent,evening,Saturday,4,Low,0,0,23,117
revision,1.5,21,Low,morning,Sunday,2,Low,0,0,6,28
reading,1.5,42,Low,afternoon,Friday,5,Low,10,0,0,28
reading,4.0,46,Urgent,morning,Friday,3,Low,44,0,0,107
problem_solving,2.9,18,Medium,morning,Sunday,2,Medium,0,0,12,80
reading,1.0,45,Medium,morning,Monday,1,Medium,29,0,0,84
writing,1.1,34,Low,morning,Saturday,5,Medium,3,0,0,67
writing,1.9,16,High,evening,Tuesday,3,Low,10,0,0,135
revision,2.4,41,High,morning,Tuesday,5,Low,0,0,30,170
project,3.9,32,High,afternoon,Monday,3,Low,0,0,0,24
reading,2.3,12,Urgent,afternoon,Sunday,5,Medium,37,0,0,140
problem_solving,1.7,36,Medium,morning,Sunday,1,Medium,0,0,16,115
problem_solving,4.1,31,Urgent,afternoon,Sunday,1,High,0,0,17,254
project,4.8,40,Urgent,evening,Saturday,4,Medium,0,0,0,36
project,1.1,45,Low,evening,Monday,2,Low,0,0,0,15
problem_solving,1.9,41,High,afternoon,Saturday,1,Low,0,0,16,102
reading,2.6,28,High,afternoon,Thursday,4,High,31,0,0,196
presentation,1.1,19,Low,morning,Saturday,2,Medium,0,16,0,145
writing,1.1,37,Low,afternoon,Monday,2,Medium,7,0,0,101
revision,1.0,37,Low,afternoon,Tuesday,5,Medium,0,0,17,99
project,2.7,49,Urgent,evening,Sunday,1,High,0,0,0,70
project,2.8,35,High,evening,Sunday,2,Low,0,0,0,23
project,1.3,44,High,afternoon,Wednesday,2,Medium,0,0,0,35
reading,4.0,22,High,evening,Tuesday,2,Medium,17,0,0,73
revision,4.8,10,Urgent,morning,Wednesday,2,Low,0,0,11,75
reading,3.2,36,Urgent,evening,Monday,1,Low,43,0,0,112
problem_solving,3.4,37,Low,morning,Tuesday,1,Medium,0,0,11,75
revision,1.4,14,Medium,afternoon,Tuesday,5,Low,0,0,14,70
presentation,3.5,12,Urgent,evening,Tuesday,2,Medium,0,15,0,206
reading,3.8,16,High,afternoon,Monday,4,Low,10,0,0,43
reading,3.4,39,Urgent,morning,Tuesday,2,High,36,0,0,241
writing,1.1,25,Low,evening,Saturday,5,Medium,4,0,0,62
problem_solving,2.1,44,Urgent,morning,Saturday,3,Low,0,0,20,137
problem_solving,4.3,17,Medium,morning,Saturday,3,Medium,0,0,5,57
reading,4.7,38,High,afternoon,Sunday,3,Low,29,0,0,84
project,3.5,26,Urgent,afternoon,Saturday,1,Low,0,0,0,30
problem_solving,4.7,47,Low,morning,Monday,1,High,0,0,14,134
writing,3.8,11,Low,morning,Friday,1,High,1,0,0,47
reading,1.4,37,Medium,afternoon,Tuesday,3,High,12,0,0,84
project,1.1,15,High,afternoon,Monday,5,High,0,0,0,51
reading,3.6,48,Low,evening,Friday,4,Low,31,0,0,53
reading,1.7,33,Low,morning,Sunday,3,Medium,13,0,0,47
revision,4.0,21,Urgent,evening,Saturday,3,Medium,0,0,19,144
project,4.3,44,Urgent,afternoon,Wednesday,3,High,0,0,0,74
problem_solving,3.3,29,High,afternoon,Wednesday,3,Medium,0,0,10,110
reading,3.1,33,Medium,evening,Sunday,3,Medium,8,0,0,39
problem_solving,1.1,21,Low,morning,Thursday,4,High,0,0,25,164
revision,2.4,20,Low,morning,Thursday,1,Low,0,0,29,99
presentation,2.8,31,Urgent,evening,Wednesday,3,High,0,6,0,201
reading,1.7,46,High,afternoon,Monday,4,High,49,0,0,205
project,3.2,47,High,afternoon,Tuesday,5,Medium,0,0,0,31
revision,4.1,33,Urgent,morning,Tuesday,4,High,0,0,28,311
revision,1.7,29,Medium,morning,Thursday,5,High,0,0,20,209
revision,1.9,41,Urgent,evening,Friday,1,Medium,0,0,30,293
project,4.4,28,High,morning,Saturday,2,High,0,0,0,56
revision,1.3,49,High,afternoon,Friday,2,Low,0,0,18,92
project,2.9,33,Urgent,afternoon,Saturday,2,High,0,0,0,54
writing,1.3,28,Urgent,morning,Tuesday,4,Medium,3,0,0,89
revision,4.0,32,High,afternoon,Sunday,1,Medium,0,0,15,124
project,1.2,27,Urgent,afternoon,Sunday,5,High,0,0,0,58
reading,3.4,49,Low,evening,Monday,1,Medium,18,0,0,55
problem_solving,3.3,42,Urgent,morning,Thursday,5,High,0,0,6,109
problem_solving,4.1,37,Low,afternoon,Wednesday,5,Low,0,0,12,43
problem_solving,1.4,43,Low,morning,Monday,2,High,0,0,5,71
reading,3.9,29,Medium,evening,Tuesday,1,Medium,46,0,0,122
writing,2.3,17,High,morning,Sunday,1,Low,7,0,0,112
revision,2.2,37,Low,morning,Monday,1,Medium,0,0,14,87
reading,2.9,14,High,afternoon,Tuesday,3,High,25,0,0,149
problem_solving,1.8,44,Urgent,afternoon,Sunday,2,Medium,0,0,26,250
presentation,1.0,32,High,evening,Wednesday,1,Low,0,5,0,67
presentation,4.6,36,Low,afternoon,Wednesday,4,Low,0,14,0,90
problem_solving,3.3,39,Medium,evening,Tuesday,5,Low,0,0,26,109
problem_solving,3.7,49,Low,afternoon,Thursday,5,High,0,0,19,142
presentation,2.7,38,High,afternoon,Monday,1,Low,0,19,0,164
project,3.4,43,Low,morning,Tuesday,3,High,0,0,0,34
reading,4.4,19,High,morning,Saturday,5,Medium,32,0,0,109
reading,3.3,42,High,morning,Sunday,5,Medium,39,0,0,124
presentation,1.5,49,High,evening,Monday,1,Medium,0,6,0,122
revision,1.6,31,Medium,afternoon,Sunday,2,High,0,0,10,139
reading,4.3,10,Medium,morning,Tuesday,4,Low,49,0,0,100
reading,1.7,17,Low,evening,Monday,2,Medium,36,0,0,90
revision,1.7,26,Medium,evening,Sunday,1,Medium,0,0,11,83
revision,4.3,26,Urgent,morning,Sunday,5,Low,0,0,28,192
problem_solving,4.8,31,Medium,morning,Thursday,3,Medium,0,0,12,93
project,4.3,14,Medium,evening,Saturday,5,High,0,0,0,36
problem_solving,3.3,12,Low,morning,Monday,4,Low,0,0,29,80
presentation,1.6,28,High,afternoon,Monday,3,High,0,18,0,428
reading,1.8,27,Low,evening,Thursday,2,High,48,0,0,128
reading,4.7,43,Urgent,afternoon,Wednesday,1,Low,46,0,0,111
revision,4.5,44,Urgent,evening,Friday,3,Medium,0,0,11,133
reading,4.5,45,Low,evening,Thursday,5,High,42,0,0,147
presentation,2.6,13,High,afternoon,Friday,4,Low,0,14,0,114
problem_solving,3.5,45,Low,morning,Sunday,3,Low,0,0,6,40
presentation,2.3,48,Low,evening,Tuesday,3,Medium,0,6,0,79
problem_solving,2.7,29,Urgent,afternoon,Wednesday,1,Low,0,0,11,71
presentation,1.1,47,High,evening,Thursday,1,Medium,0,8,0,155
writing,1.8,25,Low,morning,Thursday,2,Medium,1,0,0,34
revision,4.3,32,Low,morning,Tuesday,3,Low,0,0,16,49
writing,1.5,16,Urgent,afternoon,Saturday,4,Medium,4,0,0,112
revision,3.3,39,High,morning,Thursday,2,Medium,0,0,6,69
writing,3.5,18,High,evening,Tuesday,4,High,1,0,0,70
revision,3.5,19,Medium,afternoon,Monday,2,Medium,0,0,17,118
presentation,4.2,14,Low,evening,Monday,1,Medium,0,10,0,96
problem_solving,1.3,15,Low,evening,Monday,1,Low,0,0,16,66
presentation,1.1,18,Low,morning,Thursday,4,Low,0,16,0,108
reading,4.9,21,High,afternoon,Thursday,2,Medium,8,0,0,62
reading,1.3,48,Urgent,afternoon,Monday,2,High,15,0,0,121
project,2.0,36,Low,morning,Tuesday,3,Low,0,0,0,16
presentation,3.1,41,Medium,morning,Saturday,2,Low,0,12,0,124
project,3.8,19,Urgent,morning,Sunday,3,Low,0,0,0,33
project,2.8,45,High,afternoon,Sunday,2,Medium,0,0,0,34
presentation,4.3,29,Urgent,evening,Monday,5,High,0,11,0,291
revision,2.6,23,Urgent,morning,Saturday,4,Low,0,0,8,76
revision,2.1,49,Low,evening,Monday,5,Low,0,0,28,76
problem_solving,4.2,46,Low,evening,Tuesday,4,Low,0,0,14,47
presentation,4.8,16,Low,morning,Thursday,3,Medium,0,12,0,121
revision,1.4,19,Urgent,evening,Sunday,1,Low,0,0,8,74
problem_solving,1.3,47,Urgent,evening,Monday,2,High,0,0,29,295
reading,1.5,34,Medium,afternoon,Wednesday,2,High,15,0,0,83
project,2.2,40,Urgent,evening,Sunday,5,Medium,0,0,0,34
writing,2.6,25,High,evening,Tuesday,4,High,3,0,0,153
presentation,2.7,49,Low,afternoon,Monday,3,High,0,13,0,191
reading,4.2,22,Medium,evening,Friday,1,Low,10,0,0,28
project,4.1,33,High,evening,Friday,1,Low,0,0,0,24
problem_solving,2.8,21,High,evening,Monday,1,Low,0,0,22,121
project,4.7,16,Urgent,afternoon,Saturday,2,Low,0,0,0,26
revision,1.3,17,Medium,afternoon,Tuesday,5,Low,0,0,27,98
problem_solving,3.0,32,Urgent,morning,Sunday,1,Low,0,0,19,146
writing,1.2,39,High,morning,Wednesday,5,Low,1,0,0,44
presentation,3.0,44,High,evening,Saturday,2,Medium,0,17,0,241
project,2.6,37,Low,afternoon,Saturday,5,Medium,0,0,0,28
revision,4.7,37,Urgent,evening,Monday,2,Low,0,0,16,89
writing,4.3,18,High,morning,Wednesday,2,High,2,0,0,102
revision,2.4,42,Urgent,evening,Tuesday,4,Low,0,0,20,139
problem_solving,1.7,26,Low,morning,Friday,4,Low,0,0,24,93
project,2.7,26,Low,evening,Saturday,5,High,0,0,0,38
problem_solving,4.7,48,Low,morning,Friday,5,Medium,0,0,29,152
project,4.3,10,Low,morning,Sunday,3,Low,0,0,0,14
revision,4.4,21,High,afternoon,Sunday,2,High,0,0,30,272
problem_solving,2.2,24,Low,morning,Sunday,3,High,0,0,24,189
revision,3.5,17,Medium,afternoon,Friday,1,Medium,0,0,22,120
presentation,4.0,19,Low,evening,Monday,1,Medium,0,20,0,170
reading,2.8,30,Urgent,morning,Tuesday,2,Medium,26,0,0,112
presentation,1.6,25,Low,evening,Friday,5,High,0,18,0,296
reading,3.4,12,High,evening,Wednesday,4,Low,19,0,0,63
presentation,2.7,38,Urgent,afternoon,Thursday,5,Medium,0,9,0,143
problem_solving,2.9,30,Urgent,morning,Friday,2,Medium,0,0,30,235
project,5.0,30,Urgent,evening,Saturday,4,High,0,0,0,55
reading,2.4,19,High,morning,Friday,5,High,46,0,0,184
presentation,4.5,25,Low,morning,Sunday,2,High,0,15,0,205
writing,2.5,23,Low,morning,Sunday,3,Low,6,0,0,59
revision,4.7,38,Urgent,afternoon,Saturday,4,High,0,0,17,226
presentation,4.1,18,Low,evening,Friday,4,Low,0,20,0,137
writing,2.5,49,Urgent,morning,Thursday,1,High,2,0,0,115
revision,2.9,50,Medium,evening,Sunday,2,Medium,0,0,22,132
writing,2.4,28,Urgent,afternoon,Saturday,3,Low,7,0,0,134
writing,3.6,30,Low,evening,Sunday,3,High,3,0,0,82
reading,4.4,33,Medium,afternoon,Thursday,3,Low,6,0,0,27
project,3.6,25,Urgent,evening,Sunday,4,Medium,0,0,0,38
revision,2.8,14,Urgent,afternoon,Wednesday,3,High,0,0,16,234
project,3.8,30,Medium,afternoon,Sunday,3,High,0,0,0,45
revision,1.4,20,High,morning,Tuesday,2,Low,0,0,23,139
writing,1.8,10,Medium,morning,Sunday,5,High,2,0,0,92
presentation,4.8,44,Medium,morning,Friday,1,High,0,15,0,275
problem_solving,4.3,35,Low,evening,Saturday,4,High,0,0,27,212
reading,2.1,18,Medium,morning,Thursday,4,Low,20,0,0,51
project,2.6,43,Low,evening,Monday,4,High,0,0,0,42
problem_solving,2.8,12,Urgent,afternoon,Monday,3,High,0,0,12,179
revision,3.9,44,Medium,evening,Monday,4,Low,0,0,19,71
revision,3.0,13,Medium,morning,Sunday,1,Low,0,0,24,93
problem_solving,1.1,22,Low,evening,Wednesday,3,Medium,0,0,25,104
project,2.8,23,Low,afternoon,Wednesday,5,High,0,0,0,40
writing,3.1,29,Medium,evening,Sunday,2,Low,5,0,0,77
revision,2.9,25,High,afternoon,Monday,3,High,0,0,5,105
problem_solving,1.0,42,Medium,afternoon,Thursday,3,Low,0,0,21,90
problem_solving,5.0,42,Low,afternoon,Friday,2,Low,0,0,6,34
reading,4.6,32,Urgent,morning,Thursday,4,High,48,0,0,263
writing,1.8,50,Medium,afternoon,Wednesday,2,Low,9,0,0,133
writing,4.5,20,Medium,afternoon,Monday,1,High,5,0,0,166
writing,2.8,24,Medium,morning,Sunday,4,High,8,0,0,239
writing,4.4,30,Urgent,afternoon,Wednesday,5,Low,5,0,0,105
reading,3.5,21,Medium,evening,Wednesday,3,Low,41,0,0,66
project,1.0,50,High,evening,Sunday,1,High,0,0,0,61
problem_solving,3.2,28,Urgent,afternoon,Wednesday,5,Medium,0,0,29,276
reading,1.4,30,Low,evening,Sunday,1,Low,12,0,0,30
problem_solving,2.7,24,Urgent,evening,Friday,5,Medium,0,0,5,83
writing,5.0,39,High,morning,Sunday,3,High,7,0,0,247
revision,1.9,48,Medium,morning,Thursday,3,Low,0,0,15,74
revision,2.5,28,High,evening,Tuesday,2,High,0,0,28,318
reading,3.9,38,High,afternoon,Monday,2,High,22,0,0,124
problem_solving,4.3,26,Urgent,morning,Thursday,2,Medium,0,0,27,234
presentation,2.1,13,High,evening,Tuesday,2,Low,0,12,0,113
revision,4.6,30,Low,evening,Sunday,1,High,0,0,21,169
writing,2.9,30,Medium,evening,Sunday,5,High,9,0,0,235
project,1.3,36,Urgent,morning,Friday,4,Low,0,0,0,28
project,4.3,36,High,afternoon,Monday,1,Medium,0,0,0,39
project,4.0,42,High,afternoon,Saturday,1,Low,0,0,0,27
writing,4.3,17,Medium,morning,Sunday,1,Low,10,0,0,104
revision,2.7,27,High,morning,Wednesday,1,Low,0,0,17,94
project,1.1,41,Medium,evening,Saturday,2,Medium,0,0,0,28
problem_solving,1.7,19,Low,afternoon,Sunday,4,Medium,0,0,27,127
problem_solving,4.9,26,Low,morning,Wednesday,5,Medium,0,0,30,133
reading,2.6,40,Medium,morning,Thursday,1,Low,5,0,0,30
project,1.8,45,Medium,afternoon,Monday,5,High,0,0,0,40
revision,3.8,21,Urgent,evening,Sunday,4,Low,0,0,25,146
problem_solving,3.0,10,Low,evening,Sunday,2,Low,0,0,15,62
revision,1.4,19,Urgent,evening,Wednesday,2,Medium,0,0,26,227
revision,3.9,36,Medium,evening,Monday,2,High,0,0,14,139
presentation,1.5,37,Low,morning,Saturday,2,High,0,14,0,231
writing,1.3,49,Urgent,morning,Thursday,5,High,2,0,0,143
presentation,3.1,10,Low,evening,Thursday,2,Medium,0,10,0,122
reading,4.3,36,Urgent,morning,Thursday,4,Medium,27,0,0,114
reading,2.0,13,High,evening,Wednesday,3,Medium,28,0,0,92
presentation,3.5,14,Urgent,evening,Saturday,5,Medium,0,7,0,164
revision,1.4,29,Medium,afternoon,Sunday,1,Medium,0,0,8,74
revision,4.1,40,Low,afternoon,Saturday,3,Medium,0,0,16,71
presentation,4.6,10,Medium,afternoon,Monday,3,High,0,11,0,208
writing,2.2,34,High,morning,Friday,2,High,5,0,0,213
presentation,1.1,38,Medium,afternoon,Sunday,5,Medium,0,17,0,216
project,4.6,37,Medium,evening,Saturday,3,High,0,0,0,44
reading,2.5,15,Low,evening,Sunday,2,Low,14,0,0,37
writing,3.2,26,Medium,afternoon,Friday,2,Medium,8,0,0,145
problem_solving,1.0,15,Low,afternoon,Wednesday,2,Medium,0,0,14,89
problem_solving,2.0,31,Low,evening,Thursday,2,Low,0,0,28,95
presentation,1.0,24,Urgent,afternoon,Tuesday,2,Low,0,20,0,217
writing,2.3,24,Medium,evening,Thursday,2,High,2,0,0,100
problem_solving,4.2,30,Medium,evening,Wednesday,4,Medium,0,0,17,98
project,4.0,30,Low,morning,Friday,5,High,0,0,0,35
revision,1.7,24,High,morning,Thursday,3,High,0,0,12,182
revision,2.2,14,Low,morning,Saturday,2,High,0,0,21,162
revision,3.7,28,Urgent,morning,Thursday,5,High,0,0,19,304
reading,4.3,33,Low,morning,Friday,2,High,32,0,0,134
reading,3.2,48,High,morning,Sunday,1,Medium,12,0,0,72
revision,1.4,35,Medium,morning,Tuesday,4,Low,0,0,30,119
reading,1.1,43,Medium,morning,Monday,4,Medium,20,0,0,75
project,1.8,17,Urgent,afternoon,Friday,1,Low,0,0,0,30
reading,1.5,13,High,evening,Wednesday,5,Low,32,0,0,74
reading,3.7,15,Medium,afternoon,Thursday,4,High,48,0,0,195
writing,2.3,25,Low,morning,Wednesday,5,Medium,9,0,0,143
revision,4.4,15,High,evening,Friday,1,Medium,0,0,29,203
revision,3.6,17,Low,evening,Tuesday,5,High,0,0,26,185
writing,3.3,33,Low,evening,Tuesday,2,High,9,0,0,186
project,4.7,45,High,afternoon,Tuesday,5,High,0,0,0,57
project,2.6,30,High,evening,Sunday,2,Medium,0,0,0,32
reading,2.6,47,Low,morning,Monday,3,Medium,20,0,0,65
reading,4.8,14,Low,afternoon,Sunday,2,Medium,28,0,0,59
reading,4.1,41,Urgent,evening,Friday,5,High,28,0,0,178
project,3.0,44,Medium,afternoon,Wednesday,1,High,0,0,0,45
reading,2.3,39,High,morning,Sunday,5,Low,14,0,0,49
revision,1.0,23,Low,morning,Thursday,1,Low,0,0,23,88
presentation,3.5,42,Low,morning,Sunday,1,Medium,0,14,0,145
project,3.4,13,High,evening,Monday,2,Medium,0,0,0,39
problem_solving,4.9,30,High,afternoon,Wednesday,2,Low,0,0,18,100
reading,2.9,22,Medium,afternoon,Monday,5,Medium,35,0,0,83
project,2.1,45,Low,evening,Friday,5,High,0,0,0,41
presentation,1.6,50,Urgent,evening,Saturday,1,Medium,0,6,0,151
presentation,4.2,47,High,afternoon,Tuesday,2,High,0,9,0,220
problem_solving,4.4,10,Medium,morning,Wednesday,2,Low,0,0,16,79
project,3.5,17,Low,afternoon,Monday,2,Low,0,0,0,16
revision,1.8,32,Low,morning,Friday,5,High,0,0,21,191
problem_solving,4.6,28,Low,evening,Sunday,3,High,0,0,21,130
problem_solving,3.7,26,Medium,evening,Monday,2,Medium,0,0,24,142
presentation,4.3,32,High,afternoon,Monday,3,Low,0,13,0,149
writing,4.1,29,Low,evening,Tuesday,1,Medium,7,0,0,100
revision,3.0,31,High,afternoon,Monday,5,Medium,0,0,17,150
revision,4.9,25,Medium,morning,Thursday,2,Medium,0,0,9,67
problem_solving,4.6,12,High,morning,Monday,5,Low,0,0,23,133
revision,3.6,33,Medium,morning,Thursday,4,Low,0,0,14,60
revision,3.3,18,Urgent,evening,Sunday,4,Low,0,0,23,166
presentation,4.3,44,Urgent,morning,Thursday,1,Medium,0,8,0,138
problem_solving,1.4,24,Low,afternoon,Wednesday,2,Low,0,0,11,45
project,2.6,21,Low,evening,Tuesday,4,Low,0,0,0,17
reading,2.5,44,High,morning,Thursday,4,Low,39,0,0,89
revision,1.7,43,Urgent,morning,Tuesday,4,Medium,0,0,11,126
reading,2.3,19,Low,afternoon,Thursday,3,Low,28,0,0,42
revision,2.4,33,Medium,morning,Monday,2,High,0,0,13,161
reading,1.0,50,Urgent,afternoon,Friday,1,Low,5,0,0,42
project,1.1,23,Low,morning,Monday,1,Medium,0,0,0,25
reading,1.7,28,Low,evening,Saturday,5,Medium,35,0,0,64
reading,2.9,13,Medium,evening,Friday,1,Medium,32,0,0,109
presentation,3.5,49,High,evening,Monday,2,High,0,14,0,270
writing,2.1,47,Low,evening,Friday,3,Medium,3,0,0,53
problem_solving,4.1,28,Urgent,afternoon,Friday,5,High,0,0,19,243
writing,3.2,11,Medium,afternoon,Wednesday,4,Medium,4,0,0,100
problem_solving,3.1,33,Medium,morning,Saturday,1,Low,0,0,15,74
presentation,4.7,46,High,evening,Friday,4,Low,0,19,0,212
project,4.6,30,Urgent,afternoon,Monday,1,High,0,0,0,71
revision,5.0,33,Medium,afternoon,Thursday,5,Low,0,0,26,114
presentation,4.8,32,Low,afternoon,Wednesday,4,High,0,11,0,153
revision,1.9,44,Urgent,morning,Sunday,3,Low,0,0,27,133
writing,4.4,22,High,afternoon,Monday,3,Medium,6,0,0,155
revision,1.8,11,Low,afternoon,Friday,1,Medium,0,0,20,100
writing,3.1,16,Medium,evening,Sunday,4,Low,6,0,0,82
writing,3.7,36,Low,afternoon,Thursday,1,High,5,0,0,119
revision,1.3,34,Urgent,evening,Saturday,1,High,0,0,25,388
revision,2.9,27,Urgent,afternoon,Wednesday,3,Low,0,0,11,76
presentation,3.6,22,High,morning,Saturday,3,Medium,0,11,0,156
reading,3.0,16,Urgent,afternoon,Tuesday,5,Low,8,0,0,50
revision,3.3,30,High,evening,Thursday,4,High,0,0,22,257
problem_solving,1.0,25,High,evening,Thursday,5,Low,0,0,28,119
reading,3.1,41,Urgent,evening,Wednesday,5,High,29,0,0,155
writing,3.7,25,High,evening,Sunday,4,High,6,0,0,189
problem_solving,5.0,23,High,morning,Saturday,5,Low,0,0,5,40
project,3.8,34,High,evening,Thursday,3,High,0,0,0,51
problem_solving,4.8,28,Low,evening,Thursday,5,Low,0,0,12,52
writing,1.6,41,Urgent,afternoon,Friday,3,Medium,3,0,0,105
problem_solving,2.4,49,Medium,morning,Saturday,1,High,0,0,13,143
writing,1.1,12,Low,morning,Sunday,1,High,9,0,0,189
writing,1.9,24,High,afternoon,Monday,3,Medium,5,0,0,144
reading,3.8,29,High,afternoon,Monday,4,Low,33,0,0,94
problem_solving,2.5,15,Low,evening,Monday,2,High,0,0,29,198
